{"BakerHouse.fbx":{"ID":1371981916,"ParentID":1072960882,"Position":[0,0,0],"Rotation":[0,0,0,1],"Scale":[1,1,1]},"Chimney":{"ID":3075787233,"ParentID":1371981916,"Position":[0,0,0],"Rotation":[-0.7071068286895752,0,0,0.70710670948028564],"Scale":[1,1,1]},"Baker_house":{"ID":2166776746,"ParentID":1371981916,"Position":[0,0,0],"Rotation":[-0.7071068286895752,0,0,0.70710670948028564],"Scale":[1,1,1]}}