{
  "GameObjects": {
    "BakerHouse.fbx": {
      "ID": 952050429,
      "ParentID": 1662213559,
      "Position": [ 0, 0, 0 ],
      "Rotation": [ 0, 0, 0, 1 ],
      "Scale": [ 1, 1, 1 ]
    },
    "Chimney": {
      "ID": 2019181355,
      "ParentID": 952050429,
      "Position": [ 0, 0, 0 ],
      "Rotation": [ -0.7071068286895752, 0, 0, 0.70710670948028564 ],
      "Scale": [ 1, 1, 1 ]
    },
    "Baker_house": {
      "ID": 1251431152,
      "ParentID": 952050429,
      "Position": [ 0, 0, 0 ],
      "Rotation": [ -0.7071068286895752, 0, 0, 0.70710670948028564 ],
      "Scale": [ 1, 1, 1 ]
    }
  }
}