{"GameObjects":[{"Name":"BakerHouse.fbx","ID":3226600689,"ParentID":1269120364,"Components":[{"Type":0,"Position":[0,0,0],"Rotation":[-0,0,-0],"Scale":[1,1,1]}]},{"Name":"Chimney","ID":2020948088,"ParentID":3226600689,"Components":[{"Type":0,"Position":[0,0,0],"Rotation":[-90.000007629394531,0,0],"Scale":[1,1,1]}]},{"Name":"Baker_house","ID":4237574438,"ParentID":3226600689,"Components":[{"Type":0,"Position":[0,0,0],"Rotation":[-90.000007629394531,0,0],"Scale":[1,1,1]}]}]}