{"GameObjects":[{"Name":"BakerHouse.fbx","ID":4220614919,"ParentID":2083863404,"Components":{},"Type":0,"Position":[0,0,0],"Rotation":[-0,0,-0],"Scale":[1,1,1]},{"Name":"Chimney","ID":1764463726,"ParentID":4220614919,"Components":{},"Type":0,"Position":[0,0,0],"Rotation":[-90.000007629394531,0,0],"Scale":[1,1,1]},{"Name":"Baker_house","ID":2226728221,"ParentID":4220614919,"Components":{},"Type":0,"Position":[0,0,0],"Rotation":[-90.000007629394531,0,0],"Scale":[1,1,1]}]}