{"GameObjects":[{"Name":"BakerHouse.fbx","ID":4084734456,"ParentID":2570442754,"Components":[{"Type":0,"Position":[0,0,0],"Rotation":[-0,0,-0],"Scale":[1,1,1]}]},{"Name":"Chimney","ID":2623736445,"ParentID":4084734456,"Components":[{"Type":0,"Position":[0,0,0],"Rotation":[-90.000007629394531,0,0],"Scale":[1,1,1]}]},{"Name":"Baker_house","ID":771423295,"ParentID":4084734456,"Components":[{"Type":0,"Position":[0,0,0],"Rotation":[-90.000007629394531,0,0],"Scale":[1,1,1]}]}]}