{"GameObjects":{"BakerHouse.fbx":{"ID":2163052328,"ParentID":1124221787,"Components":{},"Type":0,"Position":[0,0,0],"Rotation":[-0,0,-0],"Scale":[1,1,1]},"Chimney":{"ID":2505367592,"ParentID":2163052328,"Components":{},"Type":0,"Position":[0,0,0],"Rotation":[-90.000007629394531,0,0],"Scale":[1,1,1]},"Baker_house":{"ID":4287780190,"ParentID":2163052328,"Components":{},"Type":0,"Position":[0,0,0],"Rotation":[-90.000007629394531,0,0],"Scale":[1,1,1]}}}